    ---------------------------------------------------------------------------,,,,,,
,,,,,,
    * Data units = mm                            ,,,,,,
    * TOP/BOTTOM,REFDES,PCB_x,PCB_y,ROTATION,VALUE,FOOTPRINT
   SMD_TOP,C10,12,14.5,90,DNI,CC1608
   SMD_TOP,C11,29.625,14.875,270,6.8pF,CC1608
   SMD_TOP,C13,31.5,17.75,0,1pF,CC1608
   SMD_TOP,C14,40.5,18.5,0,12pF,CC1608
   SMD_TOP,C15,29.625,19.75,90,1pF,CC1608
   SMD_TOP,C16,33.5,17.75,90,DNI,CC1608
   SMD_TOP,C17,36.625,17.75,90,1pF,CC1608
   SMD_TOP,C18,31.75,21.75,270,12pF,CC1608
   SMD_TOP,C19,31.75,24.75,90,12pF,CC1608
   SMD_TOP,C2,18,27.5,0,100nF,CC1608
   SMD_TOP,C20,45.375,19.25,270,DNI,CC1608
   SMD_TOP,C21,18,26,180,1uF,CC1608
   SMD_TOP,C22,25.625,11.75,180,DNI,CC1608
   SMD_TOP,C23,22.875,11.75,0,DNI,CC1608
   SMD_TOP,C24,9,59.5,180,100nF,CC1608
   SMD_TOP,C25,23.25,36.5,0,100nF,CC1608
   SMD_TOP,C26,24,34,90,100nF,CC1608
   SMD_TOP,C27,25.375,34,90,100nF,CC1608
   SMD_TOP,C28,26.75,34,90,10uF,CC1608
   SMD_TOP,C29,44.5,33,180,47nF,CC2012
   SMD_TOP,C3,24.75,28.75,270,100nF,CC1608
   SMD_TOP,C31,33.5,36.75,270,6.8uF,TC3216
   SMD_TOP,C32,43.25,40.25,90,200pF,CC1608
   SMD_TOP,C33,40,35.25,270,680pF,CC1608
   SMD_TOP,C34,37.75,34.5,180,1nF,CC1608
   SMD_TOP,C35,31.5,32.25,270,560pF,CC1608
   SMD_TOP,C36,30.75,41,270,100nF,CC1608
   SMD_TOP,C37,16,42.5,270,100nF,CC1608
   SMD_TOP,C38,40.5,59.25,270,100nF,CC1608
   SMD_TOP,C39,40.5,55.5,270,2.2uF,CC1608
   SMD_TOP,C4,20.75,13.75,0,100nF,CC1608
   SMD_TOP,C40,43.5,55,0,100nF,CC1608
   SMD_TOP,C41,44.75,47,90,100nF,CC1608
   SMD_TOP,C43,39.75,16.375,270,DNI,CC1608
   SMD_TOP,C44,3,54,180,100nF,CC1608
   SMD_TOP,C45,32.75,57,270,100nF,CC1608
   SMD_TOP,C46,41.625,51.625,270,1uF,CC1608
   SMD_TOP,C5,14.75,17.5,0,10uF,CC1608
   SMD_TOP,C6,14.75,18.75,0,100nF,CC1608
   SMD_TOP,C7,23,14.5,90,100nF,CC1608
   SMD_TOP,C8,25.5,14.5,90,100nF,CC1608
   SMD_TOP,C9,13.5,14.5,90,10uF,CC1608
   SMD_TOP,D1,7,14.5,0,BL-HG036A-AV-TRB,BL-HG036A-AV
   SMD_TOP,D2,7,11.25,0,BL-HG036A-AV-TRB,BL-HG036A-AV
   SMD_TOP,D5,24.5,53.875,180,SMBJ26CA,SMB
   SMD_TOP,D6,24.5,58.125,180,SMBJ26CA,SMB
   SMD_TOP,D7,35.75,31.75,90,BAT54,BAT54
   SMD_TOP,D8,35.75,28.25,270,BAT54,BAT54
   SMD_TOP,D9,46,59,270,BL-HG036A-AV-TRB/DNI,BL-HG036A-AV
   SMD_TOP,FB10,36.375,57,90,BLM18HE152SN1,BEAD1608
   SMD_TOP,FB8,34.25,57,90,BLM18HE152SN1,BEAD1608
   SMD_TOP,FB9,38.375,57,90,BLM18HE152SN1/DNI,BEAD1608
   SMD_TOP,L2,12,18,270,10uH,BEAD2012
   SMD_TOP,L3,29.625,17.375,270,2.4nH,BEAD1005
   SMD_TOP,L4,31.5,18.875,0,2.4nH,BEAD1005
   SMD_TOP,L5,35.125,18.5,0,2nH,BEAD1005
   SMD_TOP,L6,38.125,18.5,0,2nH,BEAD1005
   SMD_TOP,Q1,41.75,30,90,MMBT3904,SOT-23
   SMD_TOP,Q2,41.75,22.75,270,MMBT3904,SOT-23
   SMD_TOP,Q3,41.75,26.25,90,MMBT3906,SOT-23
   SMD_TOP,Q4,34,46.25,180,CSD16413Q5A,CSD16413Q5A
   SMD_TOP,Q5,34,52,180,CSD16413Q5A,CSD16413Q5A
   SMD_TOP,R12,26,40.5,90,1K,RC1608
   SMD_TOP,R13,27.375,40.5,270,1K/DNI,RC1608
   SMD_TOP,R14,44.5,30,90,47K,RC1608
   SMD_TOP,R15,39,30,90,200,RC1608
   SMD_TOP,R16,38,23.5,0,10K,RC1608
   SMD_TOP,R17,38,22,0,10K,RC1608
   SMD_TOP,R18,43.25,37.25,270,1M,RC1608
   SMD_TOP,R19,37.75,36,180,1M,RC1608
   SMD_TOP,R2,43.375,18.5,180,0,RC1608
   SMD_TOP,R20,44.75,40.25,90,10K,RC1608
   SMD_TOP,R21,41.5,35.25,270,10K,RC1608
   SMD_TOP,R22,44.75,37.25,90,100K,RC1608
   SMD_TOP,R23,33,32.25,270,510K,RC1608
   SMD_TOP,R24,33,40.25,0,10K,RC1608
   SMD_TOP,R25,33,41.75,0,10K,RC1608
   SMD_TOP,R26,17.75,37,90,1K,RC1608
   SMD_TOP,R27,19.25,37,90,1K,RC1608
   SMD_TOP,R28,20.75,37,90,1K,RC1608
   SMD_TOP,R29,46.25,47,270,330,RC1608
   SMD_TOP,R3,27.5,28.75,90,4.7K,RC1608
   SMD_TOP,R30,40.75,44.375,180,1K,RC1608
   SMD_TOP,R31,46,55.75,90,330/DNI,RC1608
   SMD_TOP,R36,45.5,52.5,0,0,RC1608
   SMD_TOP,R37,45.5,51,0,0,RC1608
   SMD_TOP,R38,23.25,37.875,180,0,RC1608
   SMD_TOP,R39,28.75,40.5,270,0,RC1608
   SMD_TOP,R4,26.25,28.75,90,4.7K,RC1608
   SMD_TOP,R40,3,52.5,180,4.7K,RC1608
   SMD_TOP,R41,15,23.25,180,0,RC1608
   SMD_TOP,R42,30,28.75,270,0,RC1608
   SMD_TOP,R5,7,13,0,330,RC1608
   SMD_TOP,R6,7,9.75,0,330,RC1608
   SMD_TOP,R7,3,49.5,180,4.7K,RC1608
   SMD_TOP,R8,3,51,180,4.7K,RC1608
   SMD_TOP,TP10,37.25,25.5,0,T__POINT__S,SMDTP39
   SMD_TOP,TP11,28.75,38,0,T__POINT__S,SMDTP39
   SMD_TOP,TP3,28.75,36.25,90,T__POINT__S,SMDTP39
   SMD_TOP,TP4,28.75,34.375,90,T__POINT__S,SMDTP39
   SMD_TOP,TP5,45.25,35,0,T__POINT__S,SMDTP39
   SMD_TOP,TP6,46.5,39.5,0,T__POINT__S,SMDTP39
   SMD_TOP,TP7,43.25,35,0,T__POINT__S,SMDTP39
   SMD_TOP,TP8,35.5,34.5,0,T__POINT__S,SMDTP39
   SMD_TOP,TP9,33,29.75,0,T__POINT__S,SMDTP39
   SMD_TOP,U1,22.25,21,180,CC2630F128RGZT,QFN48_7_0_5
   SMD_TOP,U2,26.375,37.25,0,LIS3MDL,LGA-12
   SMD_TOP,U4,38.5,40,90,TLV342IDR,SOP8_3_9_6_1_27
   SMD_TOP,U5,19.75,42.5,0,AT24HC02C-SSHM__,SOP8_3_9_6_1_27
   SMD_TOP,U6,43.25,58,0,TPS73533QDRBRQ1,QFN8_3_0_65
   SMD_TOP,U7,41.375,47.125,270,S-8200ABE-M6T1U,SOT23-6P
   SMD_TOP,U8,49,33.75,270,SN74LVC1G04,SOT23-5P_0_95P
   SMD_TOP,Y1,34.125,23.25,270,32.768KHz__XTAL/CM315D3279DZFT,CM315
   SMD_TOP,Y2,23.625,9,180,24__MHz__Crystal/S3225A__Crystal,S3225A
 DIP_TOP,H1,3,62,0,PCB_HOLE,PCB-HOLE
 DIP_TOP,H2,52,62,0,PCB_HOLE,PCB-HOLE
 DIP_TOP,H3,3,3,0,PCB_HOLE,PCB-HOLE
 DIP_TOP,H4,-7,3,0,PCB_HOLE,PCB-HOLE
 DIP_TOP,J1,39.75,11.25,0,RF__SMA-R-PC/DNI,RF_SMA_R_PC
 DIP_TOP,J10,48.75,40.25,90,A2001-WR03,A2001-WR03
 DIP_TOP,J11,48.75,55,90,A2001-WR02,A2001-WR02
 DIP_TOP,J12,48.75,48.125,90,A2001-WR02,A2001-WR02
 DIP_TOP,J13,22,62.25,0,HEADER_2.54mm,HEADER3
 DIP_TOP,J2,3.25,14.5,0,1__PIN__HDR,1PIN-HDR
 DIP_TOP,J3,3.25,11.25,0,1__PIN__HDR,1PIN-HDR
 DIP_TOP,J6,30.75,62.25,0,HEADER_2.54mm,HEADER3
 DIP_TOP,J7,8.25,62.25,0,HEADER_2.54mm/DNI,HEADER4
 DIP_TOP,J9,5.25,43,0,HEADER10,HEADER10
 DIP_TOP,S1,7.5,49,0,LL1051-1-4,DIPSW_08P
 DIP_TOP,TH1,19.9,47.4,180,TH,1PIN-HDR
 DIP_TOP,TH2,22.3,47.5,180,TH,1PIN-HDR
 DIP_TOP,TH5,40.625,62.5,0,D4V2P,1PIN-HDR
 DIP_TOP,TH6,44.5,62.5,0,GND,1PIN-HDR
 DIP_TOP,TH7,37,62.5,0,D3V3P,1PIN-HDR
