<?xml version="1.0" encoding="x-windows-949"?>
<!--  This file conforms to the DTD xdc/bld/build.dtd -->
<package name="configPkg" version="" producerId="undefined">
    <units>
    </units>
    <sources>
        <srcFile name="package/cfg/rom_prm3.c"/>
    </sources>
    <configscripts>
        <srcFile name="E:/igs_svn_data/PROJECT_01/02_FW/01_WSM/04_I2C_GMS/i2c_light_sensor/projects/iar_tirtos/rom.cfg"/>
    </configscripts>
    <makefiles>
        <srcFile name="package.mak" src="package.bld"/>
        <srcFile name="package/package.xdc.dep" src="package.xdc"/>
        <srcFile name="package/cfg/rom_prm3.mak" src="package.bld"/>
        <srcFile name="package/cfg/rom_prm3.orm3.dep" src="package/cfg/rom_prm3.c"/>
        <srcFile name="package/cfg/rom_prm3.dep" src="package/cfg/rom_prm3.cfg"/>
        <srcFile name="package/cfg/rom.xrm3.mak" src="package.bld"/>
        <srcFile name="package/rel/configPkg.tar.dep" src="package/rel/configPkg.xdc.inc"/>
    </makefiles>
    <targets>
        <target name="iar.targets.arm.M3"
            version="iar.targets.arm.M3{1,0,7.50,2"
            rawVersion="7.50.2.10312"
            platform="ti.platforms.tiva:TM4C1294NCPDT:1"
            isa="v7M"
            suffix="rm3"
            rootDir="C:/PROGRA~2/IARSYS~1/EMBEDD~1.3/arm"
            os="undefined"
            rts="iar.targets.arm.rts">
            <model endian="little"
                codeModel="thumb2"
                dataModel="undefined"/>
        </target>
    </targets>
    <libraries>
    </libraries>
    <configurations>
    <configuration name="rom"
        pname="rom.prm3"
        target="iar.targets.arm.M3"
        platform="ti.platforms.simplelink:CC2650F128"
        profile="release"
        isPartial="false"
        xCfgScript="package/cfg/rom_prm3.cfg"
        xCfgPrefix="package/cfg/rom_prm3"
        cfgScript="E:/igs_svn_data/PROJECT_01/02_FW/01_WSM/04_I2C_GMS/i2c_light_sensor/projects/iar_tirtos/rom.cfg"
        cfgArgs="null"
        />
    </configurations>
    <executables>
    <executable name="rom"
        pname="rom.xrm3"
        target="iar.targets.arm.M3"
        platform="ti.platforms.simplelink:CC2650F128"
        profile="release"
        xCfgScript="package/cfg/rom_prm3.cfg"
        xCfgPrefix="package/cfg/rom_prm3"
        cfgScript="E:/igs_svn_data/PROJECT_01/02_FW/01_WSM/04_I2C_GMS/i2c_light_sensor/projects/iar_tirtos/rom.cfg"
        cfgArgs="null"
        />
    </executables>
    <tests>
    <test exeName="rom.xrm3"
        args=""
        groupName="rom.xrm3"
        refOutput="undefined"
        refExitCode="0"
        execArgs=""
        />
    </tests>
    <releases relDir="package/rel/">
    <release name="configPkg"
        pname="configPkg.tar"
        label="default"
    >
        <file name="package/package.bld.xml"/>
        <file name="package/build.cfg"/>
        <file name="package/package.xdc.inc"/>
    </release>
    </releases>
    <repositories>
    </repositories>
</package>
